{
  "desc": "TD31 R1 CC (TD31 R1 CC)",
  "noc": 33,
  "fref": 11994000000.0,

  "c0": 299792458,
  "v_particles": 299792458.0,

  "coupling": 1,

  "NIn": 1,
  "NOut": 33,

  "phi0": 2.0943951023931953,

  "vg": [
    8751932.09218,
    8503739.639156,
    8259142.530828,
    8018140.767196,
    7780734.34826,
    7546923.27402,
    7316707.544476,
    7090087.159628,
    6867062.119476,
    6647632.42402,
    6431798.07326,
    6219569.067196,
    6010935.405828,
    5805897.089156,
    5604454.11718,
    5406606.4899,
    5212354.207316,
    5021697.269428,
    4834635.676236,
    4651169.42774,
    4471298.52394,
    4295022.964836,
    4122342.750428,
    3953257.880716,
    3787768.3557,
    3625874.17538,
    3467575.339756,
    3312871.848828,
    3161763.702596,
    3014250.90106,
    2870333.44422
  ],

  "Q0": [
    5158.89,
    5171.7468,
    5184.7752,
    5197.9752,
    5211.3468,
    5224.89,
    5238.6048,
    5252.4912,
    5266.5492,
    5280.7788,
    5295.18,
    5309.7528,
    5324.4972,
    5339.4132,
    5354.5008,
    5369.76,
    5385.1908,
    5400.7932,
    5416.5672,
    5432.5128,
    5448.63,
    5464.9188,
    5481.3792,
    5498.0112,
    5514.8148,
    5531.79,
    5548.9368,
    5566.2552,
    5583.7452,
    5601.4068,
    5619.24
  ],

  "rovq": [
    10340.96,
    10504.032,
    10669.39066667,
    10837.036,
    11006.968,
    11179.18666667,
    11353.692,
    11530.484,
    11709.56266667,
    11890.928,
    12074.58,
    12260.51866667,
    12448.744,
    12639.256,
    12832.05466667,
    13027.14,
    13224.512,
    13424.17066667,
    13626.116,
    13830.348,
    14036.86666667,
    14245.672,
    14456.764,
    14670.14266667,
    14885.808,
    15103.76,
    15323.99866667,
    15546.524,
    15771.336,
    15998.43466667,
    16227.82
  ],

  "phi_in": 2.1467549799530254,
  "phi_out": 1.9896753472735358,

  "rfac_in": 1.03,
  "rfac_out": 0.87
}
