{
  "desc": "TD31 R1 CC (TD31 R1 CC)",
  "noc": 33,
  "fref": 11994000000.0,
  "c0": 299792458,
  "v_particles": 299792458.0,
  "coupling": 1,
  "NIn": 1,
  "NOut": 33,
  "phi0": 2.0943951023931953,
  "vg": [
    8756937.69818,
    8508709.542956,
    8264078.897228,
    8023045.760996,
    7785610.13426,
    7551772.01702,
    7321531.409276,
    7094888.311028,
    6871842.722276,
    6652394.64302,
    6436544.07326,
    6224291.012995999,
    6015635.462228,
    5810577.420956,
    5609116.88918,
    5411253.8669,
    5216988.354116,
    5026320.350828,
    4839249.857036,
    4655776.8727400005,
    4475901.3979400005,
    4299623.432636,
    4126942.976828,
    3957860.030516,
    3792374.5937,
    3630486.66638,
    3472196.248556,
    3317503.3402279997,
    3166407.941396,
    3018910.05206,
    2875009.67222
  ],
  "Q0": [
    5158.89,
    5171.7468,
    5184.7752,
    5197.9752,
    5211.3468,
    5224.89,
    5238.6048,
    5252.4912,
    5266.5492,
    5280.7788,
    5295.18,
    5309.7528,
    5324.4972,
    5339.4132,
    5354.5008,
    5369.76,
    5385.1908,
    5400.7932,
    5416.5672,
    5432.5128,
    5448.63,
    5464.9188,
    5481.3792,
    5498.0112,
    5514.8148,
    5531.79,
    5548.9368,
    5566.2552,
    5583.7452,
    5601.4068,
    5619.24
  ],
  "rovq": [
    10340.96,
    10504.032,
    10669.39066667,
    10837.036,
    11006.968,
    11179.18666667,
    11353.692,
    11530.484,
    11709.56266667,
    11890.928,
    12074.58,
    12260.51866667,
    12448.744,
    12639.256,
    12832.05466667,
    13027.14,
    13224.512,
    13424.17066667,
    13626.116,
    13830.348,
    14036.86666667,
    14245.672,
    14456.764,
    14670.14266667,
    14885.808,
    15103.76,
    15323.99866667,
    15546.524,
    15771.336,
    15998.43466667,
    16227.82
  ],
  "phi_in": 2.1467549799530254,
  "phi_out": 1.9896753472735356,
  "rfac_in": 1.03,
  "rfac_out": 0.87
}